{
    "train": [
        0.009031764115206897,
        0.0062982588618372875
    ],
    "test": [
        0.184978399425745,
        0.0018333129410166293
    ]
}