{
    "Wasserstein Distance": {
        "Global Step": [
            1,
            2,
            3
        ],
        "Loss": [
            0.70020929479599,
            0.9621431322097779,
            1.0754169090270995
        ]
    },
    "CNN Loss": {
        "Global Step": [],
        "Loss": []
    }
}