{
    "train": [
        0.020172948172936838,
        0.021012131745616596,
        0.011549687866742412,
        0.012749164753283063,
        0.00561766664031893,
        0.006346738548018038,
        0.003996000741608441,
        0.0027363642778558037,
        0.0023941526693912842,
        0.0017268942513813574,
        0.002362787975774457,
        0.007530919703034063,
        0.002632961084600538,
        0.002270134185285618,
        0.00243822230064931,
        0.0032362669395903745,
        0.0012962778030972306,
        0.0014234161256657292,
        0.0018527857513011743,
        0.003951564305073892,
        0.0012632723082788289,
        0.0024759435715774694,
        0.0021068625404344252,
        0.0011563289444893599,
        0.0018940824957098812,
        0.0010873802821151912,
        0.001500967317648853,
        0.0009091275763542702,
        0.0012031807855237275,
        0.002356627315748483,
        0.0016644640466741596,
        0.0021764191333204508,
        0.0014465968367100384,
        0.0016687715445489932,
        0.0010574997528844203,
        0.0010110769314148154,
        0.0011412101982083793,
        0.0006889195404558753,
        0.0019108614602979894,
        0.0012502025977786009
    ],
    "test": [
        0.07610360719263554,
        0.07664942741394043,
        0.10164739191532135,
        0.11284821853041649,
        0.07800375670194626,
        0.04848115332424641,
        0.009961991105228662,
        0.002702906494960189,
        0.0015651489957235754,
        0.0010348406503908336,
        0.0009450429060962051,
        0.0019541109795682132,
        0.00280878075864166,
        0.001569041924085468,
        0.0015839131665416062,
        0.0008668140799272805,
        0.0005593999958364293,
        0.0005280696786940098,
        0.0005568315391428769,
        0.0005653140979120508,
        0.000883409520611167,
        0.0008127500768750906,
        0.0006144733633846045,
        0.00048261340998578817,
        0.0003956058935727924,
        0.00042239688627887517,
        0.0004446754028322175,
        0.0005400470399763435,
        0.0004977958305971697,
        0.0005059445247752592,
        0.0004572185134747997,
        0.00043039854790549725,
        0.0004666932363761589,
        0.00048549784696660936,
        0.0005038409872213379,
        0.0004979902296327055,
        0.0004491690924623981,
        0.0004681397695094347,
        0.00047734592226333916,
        0.00045508779294323176
    ]
}