{
    "Wasserstein Distance": {
        "Global Step": [
            1,
            2
        ],
        "Loss": [
            1.573918007850647,
            2.421825444793701
        ]
    },
    "CNN Loss": {
        "Global Step": [],
        "Loss": []
    }
}