{
    "train": [
        0.009661073233777037,
        0.005959083869432409,
        0.003498005695291795,
        0.0025404729021829553
    ],
    "test": [
        0.05891081225126982,
        0.002695010305615142,
        0.0008742884019738995,
        0.002182192969485186
    ]
}