{
    "train": [
        0.01137852318546114
    ],
    "test": [
        0.038884871639311314
    ]
}